Booking ID,Client Name (English),Client Name (Arabic),Destination,Package Type,Departure Date,Return Date,Total Cost (SAR),Payment Status,Agent Name,Booking Channel,Client Rating (1-5 stars),Special Requests
SA32817P,السيدة روبا شربتلي,إلينا العقيل,"Riyadh, Saudi Arabia",Luxury,15/11/2025,27/11/2025,"5,371.00",Pending,Ahmed Khan,Referral,,
SA99495I,جوان الحجار,المهندس شامل المغاولة,"Dubai, UAE",Family,24/09/2025,09/10/2025,"5,467.00",Pending,Fatima Al-Jameel,Walk-in,,Sea view room
SA57967F,سديم آل سعود,تمام آل عايض,"Abha, Saudi Arabia",Adventure,06/12/2025,19/12/2025,619.02,Cancelled,Khalid Al-Ghamdi,WhatsApp,,Wheelchair access
SA34959Y,فرج بن لادن,ليث آل رفيع,"Medina, Saudi Arabia",Budget,26/10/2025,02/11/2025,"1,377.00",Pending,Noura Al-Mutairi,Website,,
SA63379X,الآنسة بنان الجابر,الأستاذ سلمان بقشان,"Dammam, Saudi Arabia",Adventure,31/08/2025,12/09/2025,416.52,Cancelled,Khalid Al-Ghamdi,Website,,Private tour guide
SA58345A,الدكتور هايل المهنا,طيّع آل خضير,"Riyadh, Saudi Arabia",Adventure,17/10/2025,20/10/2025,743.83,Cancelled,Ahmed Khan,Referral,,Private tour guide
SA78694C,فيصل آل سلطان,ليان الشايع,"Istanbul, Turkey",Luxury,22/01/2026,31/01/2026,"7,459.00",Paid,Noura Al-Mutairi,Website,3,Private tour guide
SA27169U,الأستاذ رائف حنبولي,المهندس طبّاع آل سعود,"Dammam, Saudi Arabia",Family,21/10/2025,05/11/2025,"3,839.00",Paid,Fatima Al-Jameel,WhatsApp,5,Private tour guide
SA40620Q,الآنسة ليساء الحجار,ممدوح آل سلطان,"Kuala Lumpur, Malaysia",Budget,02/09/2025,15/09/2025,"1,824.00",Pending,Mohammed Al-Zahrani,Website,,Private tour guide
SA50659H,جوريّة آل العسكري,دانية آل سلطان,"Kuala Lumpur, Malaysia",Family,25/10/2025,05/11/2025,"5,554.00",Paid,Mohammed Al-Zahrani,Walk-in,2,Wheelchair access
SA85598T,راما فصيل,الدكتور حمدان آل رفيع,"Cairo, Egypt",Business,27/08/2025,07/09/2025,"6,443.00",Paid,Mohammed Al-Zahrani,WhatsApp,1,Sea view room
SA87399C,الأستاذ نوّاف الراشد,مياس آل مقطة,"AlUla, Saudi Arabia",Family,12/09/2025,27/09/2025,"3,185.00",Pending,Noura Al-Mutairi,Referral,,
SA91622E,راتب أبو داوود,شاكر بقشان,"Medina, Saudi Arabia",Adventure,21/09/2025,05/10/2025,"3,472.00",Pending,Noura Al-Mutairi,WhatsApp,,Halal meals
SA95347Z,لوجين الحكير,المهندسة نوره بن لادن,"Abha, Saudi Arabia",Luxury,04/01/2026,11/01/2026,"1,124.78",Cancelled,Fatima Al-Jameel,WhatsApp,,Sea view room
SA40606P,الأستاذة ميار الدباغ,الأستاذ يافع الجابر,"Kuala Lumpur, Malaysia",Budget,15/11/2025,29/11/2025,"2,406.00",Pending,Noura Al-Mutairi,WhatsApp,,Extra luggage
SA40186B,الآنسة نشوة آل عايض,الأستاذة اعتكاف آل بن ظافر,"Medina, Saudi Arabia",Adventure,30/01/2026,10/02/2026,"2,762.00",Pending,Mohammed Al-Zahrani,Referral,,
SA29401G,الأستاذة هاجر آل رفيع,أغاريد آل العسكري,"Paris, France",Family,01/09/2025,13/09/2025,713.62,Cancelled,Khalid Al-Ghamdi,WhatsApp,,
SA16826L,الدكتورة اعتماد المهيدب,إخلاص الشايع,"NEOM, Saudi Arabia",Business,26/09/2025,11/10/2025,"4,475.00",Paid,Khalid Al-Ghamdi,Website,1,Extra luggage
SA18847A,الآنسة جودي الخرافي,السيد معتوق الجابر,"London, UK",Adventure,05/01/2026,08/01/2026,956.34,Cancelled,Mohammed Al-Zahrani,Website,,Private tour guide
SA51620G,الآنسة إباء آل جعفر,واصف الحكير,"Dammam, Saudi Arabia",Adventure,10/10/2025,19/10/2025,"2,840.00",Pending,Ahmed Khan,Website,,Private tour guide
SA30407B,جهراء المهيدب,صدر الدّين العجلان,"Medina, Saudi Arabia",Adventure,30/11/2025,10/12/2025,"2,769.00",Pending,Khalid Al-Ghamdi,Website,,Extra luggage
SA62716D,المهندس ساهر الخرافي,الأستاذة لتين آل عواض,"Jeddah, Saudi Arabia",Luxury,30/08/2025,05/09/2025,823.87,Cancelled,Noura Al-Mutairi,WhatsApp,,Extra luggage
SA61753W,الدكتورة تاليا مهنا,فضل العقيل,"Mecca, Saudi Arabia",Religious,13/11/2025,25/11/2025,"2,190.00",Paid,Mohammed Al-Zahrani,Referral,1,Wheelchair access
SA82968W,السيدة غيداء آل سلطان,نوف آل رفيع,"Istanbul, Turkey",Family,14/12/2025,26/12/2025,"1,442.00",Cancelled,Noura Al-Mutairi,WhatsApp,,Sea view room
SA72354N,الدكتورة ناهد آل بن ظافر,الأستاذة جالا أبا الخيل,"Dammam, Saudi Arabia",Budget,16/12/2025,26/12/2025,"1,848.00",Pending,Mohammed Al-Zahrani,Walk-in,,Extra luggage
SA90015H,المهندس فارع الجفالي,تالا المهنا,"Abha, Saudi Arabia",Business,02/01/2026,12/01/2026,"3,574.00",Pending,Noura Al-Mutairi,Website,,Extra luggage
SA96994K,جوان أبو داوود,قاسم كانو,"Dammam, Saudi Arabia",Business,30/08/2025,03/09/2025,"1,149.69",Cancelled,Fatima Al-Jameel,WhatsApp,,Wheelchair access
SA47667Y,نشوة آل الشيخ,الأستاذ حنبل مهنا,"Mecca, Saudi Arabia",Luxury,08/09/2025,19/09/2025,"5,426.00",Pending,Fatima Al-Jameel,Walk-in,,
SA48503M,ضحى آل قصير,الآنسة لانا المهنا,"Abha, Saudi Arabia",Business,08/08/2025,12/08/2025,"3,756.00",Pending,Ahmed Khan,WhatsApp,,Private tour guide
SA31045P,السيدة نغم العجلان,ضحى آل معيض,"Cairo, Egypt",Budget,18/12/2025,27/12/2025,"2,568.00",Paid,Noura Al-Mutairi,Referral,3,Private tour guide
SA55851L,روبا آل سلطان,المهندسة أناهيد آل عايض,"Medina, Saudi Arabia",Family,21/09/2025,26/09/2025,"3,565.00",Paid,Ahmed Khan,Referral,2,Halal meals
SA74322D,الأستاذة خاشعة المغاولة,أجوان آل جعفر,"Medina, Saudi Arabia",Budget,29/01/2026,13/02/2026,"1,856.00",Pending,Noura Al-Mutairi,Website,,
SA23239A,السيدة هناء المهنا,جهراء آل سعود,"Riyadh, Saudi Arabia",Luxury,04/01/2026,17/01/2026,"4,555.00",Pending,Mohammed Al-Zahrani,Walk-in,,Sea view room
SA66440M,ابتهال العقيل,الأستاذة هنادي المغاولة,"Istanbul, Turkey",Family,20/09/2025,01/10/2025,"1,359.10",Cancelled,Mohammed Al-Zahrani,Referral,,Halal meals
SA83797K,الأستاذ عارف المهنا,بلقيس آل بن ظافر,"Mecca, Saudi Arabia",Adventure,27/01/2026,31/01/2026,555.62,Cancelled,Fatima Al-Jameel,WhatsApp,,Sea view room
SA85273V,لانا حنبولي,الدكتورة بنان آل صفوان,"Riyadh, Saudi Arabia",Business,08/08/2025,15/08/2025,616.40,Cancelled,Fatima Al-Jameel,WhatsApp,,
SA94366F,الآنسة باسمة آل حسين,السيدة بتلاء الراشد,"Mecca, Saudi Arabia",Adventure,08/10/2025,16/10/2025,"3,235.00",Paid,Mohammed Al-Zahrani,Referral,3,Private tour guide
SA54905V,باسمة فصيل,هيا آل عطفة,"Mecca, Saudi Arabia",Religious,06/09/2025,21/09/2025,"2,737.00",Pending,Fatima Al-Jameel,Walk-in,,Extra luggage
SA10075B,حمدي شربتلي,دهمان فصيل,"Paris, France",Business,08/12/2025,21/12/2025,"1,233.39",Cancelled,Khalid Al-Ghamdi,Website,,
SA66138R,الدكتور ناجي آل بن لافي,السيدة جوانا آل بن لافي,"Cairo, Egypt",Luxury,22/09/2025,26/09/2025,"7,779.00",Pending,Noura Al-Mutairi,Walk-in,,Halal meals
SA26985D,الأستاذة حلا آل علي,الآنسة شادن أبو داوود,"Paris, France",Budget,17/02/2026,27/02/2026,"1,967.00",Pending,Fatima Al-Jameel,Website,,
SA35085U,نصري آل علي,حازم آل خضير,"Mecca, Saudi Arabia",Budget,03/09/2025,14/09/2025,278.20,Cancelled,Mohammed Al-Zahrani,Walk-in,,
SA76869Y,وجيه المهيدب,السيد نصور آل عطفة,"Jeddah, Saudi Arabia",Budget,14/11/2025,29/11/2025,"1,685.00",Paid,Khalid Al-Ghamdi,Walk-in,3,Extra luggage
SA91634U,وفيق الخرافي,فؤاد آل سعود,"AlUla, Saudi Arabia",Budget,20/08/2025,23/08/2025,335.18,Cancelled,Khalid Al-Ghamdi,WhatsApp,,
SA90418G,روبين أبو داوود,نصوح الجفالي,"Dammam, Saudi Arabia",Budget,08/02/2026,22/02/2026,"1,743.00",Pending,Noura Al-Mutairi,Walk-in,,Sea view room
SA21610Q,الأستاذ توفيق آل سلطان,عامر آل عطفة,"Paris, France",Adventure,27/02/2026,03/03/2026,"4,685.00",Pending,Ahmed Khan,WhatsApp,,Private tour guide
SA84818A,قانت الدباغ,هيكل آل حسين,"London, UK",Budget,16/11/2025,21/11/2025,"2,136.00",Pending,Mohammed Al-Zahrani,Referral,,
SA29461X,راغب بن لادن,المهندسة هند آل عواض,"Dammam, Saudi Arabia",Family,22/11/2025,27/11/2025,623.09,Cancelled,Ahmed Khan,Referral,,Extra luggage
SA98185C,المهندس عبد الغني آل سعود,المهندس صارم آل جعفر,"Medina, Saudi Arabia",Religious,11/01/2026,18/01/2026,"2,454.00",Pending,Fatima Al-Jameel,Website,,
SA78769R,بيلسان مهنا,إخلاص آل قصير,"Dubai, UAE",Family,07/09/2025,14/09/2025,"5,210.00",Paid,Khalid Al-Ghamdi,WhatsApp,1,Wheelchair access
SA11397D,الدكتور منتصر آل عواض,الدكتورة ضياء المغاولة,"Mecca, Saudi Arabia",Religious,09/09/2025,21/09/2025,557.22,Cancelled,Ahmed Khan,WhatsApp,,Private tour guide
SA47624H,المهندس لمّاح الدباغ,السيدة افتكار آل محمد بن علي بن جماز,"Medina, Saudi Arabia",Budget,27/12/2025,11/01/2026,"1,597.00",Pending,Noura Al-Mutairi,Walk-in,,Wheelchair access
SA75769J,الآنسة دانية آل سعود,السيد مكرّم شربتلي,"Istanbul, Turkey",Budget,16/11/2025,26/11/2025,"2,381.00",Paid,Mohammed Al-Zahrani,Referral,1,Private tour guide
SA63409M,الدكتورة غوى آل بن ظافر,عبد الكريم آل بن ظافر,"Paris, France",Luxury,02/11/2025,17/11/2025,"7,746.00",Pending,Khalid Al-Ghamdi,Referral,,Private tour guide
SA57385H,المهندسة دعاء آل قصير,الأستاذة كوثر أبا الخيل,"Jeddah, Saudi Arabia",Budget,13/12/2025,27/12/2025,"1,362.00",Paid,Fatima Al-Jameel,WhatsApp,3,Private tour guide
SA96846W,نور الحقّ آل سعود,الأستاذة ميرا آل علي,"Abha, Saudi Arabia",Budget,03/12/2025,13/12/2025,473.94,Cancelled,Mohammed Al-Zahrani,Referral,,Private tour guide
SA34974D,يقين الشايع,طامح المهنا,"Cairo, Egypt",Adventure,04/01/2026,19/01/2026,"1,367.96",Cancelled,Khalid Al-Ghamdi,Website,,Extra luggage
SA50112K,ضاحك أبا الخيل,بنان الحجار,"Paris, France",Adventure,27/10/2025,06/11/2025,"4,591.00",Pending,Khalid Al-Ghamdi,WhatsApp,,Halal meals
SA89620V,شهير آل بن ظافر,السيد عذب آل سلطان,"London, UK",Budget,14/12/2025,27/12/2025,"2,534.00",Paid,Ahmed Khan,Walk-in,4,Sea view room
SA56221W,منصور آل الشيخ,وضّاح كانو,"Paris, France",Family,16/11/2025,01/12/2025,"4,768.00",Pending,Noura Al-Mutairi,Walk-in,,
SA17551W,السيد يانع أبو داوود,نجيب آل علي,"AlUla, Saudi Arabia",Family,11/01/2026,20/01/2026,"3,801.00",Pending,Noura Al-Mutairi,WhatsApp,,Halal meals
SA71926T,الأستاذة إخلاص الخرافي,ديمه العقيل,"Istanbul, Turkey",Business,12/12/2025,23/12/2025,"1,338.42",Cancelled,Ahmed Khan,Referral,,Halal meals
SA24101S,السيد عصام أبو داوود,المهندسة ميرا آل بن لافي,"Dubai, UAE",Luxury,03/03/2026,14/03/2026,"7,121.00",Pending,Ahmed Khan,Referral,,Halal meals
SA14289Q,ريف آل جعفر,الآنسة ميرال آل الشيخ,"Dammam, Saudi Arabia",Adventure,07/09/2025,19/09/2025,360.53,Cancelled,Fatima Al-Jameel,Walk-in,,Sea view room
SA32707C,السيد شعيب المهنا,المهندس طه آل رفيع,"Mecca, Saudi Arabia",Luxury,06/10/2025,18/10/2025,"5,184.00",Pending,Ahmed Khan,Referral,,Extra luggage
SA29315S,تمام أبا الخيل,المهندس قصي آل علي,"Mecca, Saudi Arabia",Budget,17/11/2025,30/11/2025,"1,928.00",Pending,Ahmed Khan,Referral,,Sea view room
SA10012D,الدكتور هايل الجفالي,شوقي الجابر,"Riyadh, Saudi Arabia",Budget,13/09/2025,25/09/2025,194.32,Cancelled,Noura Al-Mutairi,Referral,,Extra luggage
SA65775X,الأستاذ همام حنبولي,السيد منصور حنبولي,"Mecca, Saudi Arabia",Religious,11/09/2025,18/09/2025,447.40,Cancelled,Mohammed Al-Zahrani,Walk-in,,Private tour guide
SA12263X,المهندسة ميسون الجفالي,جالا حجار,"London, UK",Family,04/03/2026,16/03/2026,"4,812.00",Paid,Noura Al-Mutairi,Website,4,Extra luggage
SA67085O,السيد رامي أبا الخيل,جاد الجابر,"Medina, Saudi Arabia",Religious,20/09/2025,30/09/2025,714.58,Cancelled,Mohammed Al-Zahrani,Walk-in,,
SA86994B,المهندس صافي آل العسكري,الأستاذة ميرال آل العسكري,"AlUla, Saudi Arabia",Budget,21/01/2026,25/01/2026,392.61,Cancelled,Fatima Al-Jameel,Website,,Private tour guide
SA14402W,الآنسة دعاء آل خضير,زكي الخرافي,"Medina, Saudi Arabia",Religious,26/11/2025,04/12/2025,497.37,Cancelled,Fatima Al-Jameel,Website,,Halal meals
SA15024S,الآنسة كوثر آل حسين,الأستاذ صاحب آل بن لافي,"Istanbul, Turkey",Family,14/08/2025,25/08/2025,"5,348.00",Pending,Fatima Al-Jameel,Walk-in,,Wheelchair access
SA40651I,المهندسة بهجة آل سعود,بيلسان العليان,"Kuala Lumpur, Malaysia",Adventure,21/11/2025,28/11/2025,"1,107.30",Cancelled,Mohammed Al-Zahrani,Referral,,Private tour guide
SA95628T,الآنسة اعتكاف آل جعفر,جميلة المهيدب,"Jeddah, Saudi Arabia",Budget,12/11/2025,27/11/2025,"1,207.00",Paid,Noura Al-Mutairi,Walk-in,2,Sea view room
